Year,CPI_Inflation_Annual_%,Food_Inflation_Annual_%,Claims_Private_Sector_Tk_million,Broad_Money_M2_Tk_million,Transferable_Deposits_Tk_million,Other_Deposits_Tk_million,M2_Growth_Annual_%,M2_percent_GDP,Deposit_Rate_%,Lending_Interest_Rate_%,Domestic_Credit_Banking_percent_GDP,NPL_percent_Total_Gross_Loans,Exchange_Rate_Tk_per_USD_End_Period,Exchange_Rate_Tk_per_USD_Average,Real_Deposit_Rate_Approx_%,Interest_Rate_Spread_%,High_Inflation_Flag,NPL_Stress_Flag,Housing_Water_Electricity_Gas_Fuels_CPI_Index_Raw,Food_NonAlcoholic_Beverages_Inflation_%,Producer_Price_Inflation_%,Natural_Gas_Production_m3_million,Electricity_Generation_kWh_million,Total_Deposits_Tk_million,Total_Deposit_Growth_%,Private_Sector_Credit_Growth_%,Exchange_Rate_Depreciation_%,Housing_Energy_CPI_Annual_Change_%,Energy_Output_Growth_%,Gas_Output_Growth_%,Household_Cost_Pressure_Flag,Banking_Stress_Signal
2010,6.816978134,,2845476,4288190,415253,2860435,22.43857179,45.51892973,,12.21916667,,,70.7497,69.649291666667,,,False,False,,,,,,3275688,,,,,,,False,0
2011,10.91514379,,3572201,5098450,479685,3503070,21.34497568,48.10069059,,13.32166667,,1.904205939,81.8529,74.1524,,,True,False,,,,,,3982755,21.58529750086089,25.53966366259985,6.465404350247139,,,,True,1
2012,8.68510122,7.725246363,4262977,5891446,509361,4229050,17.38615727,49.005642,,13.94416667,,6.72327959,79.8499,81.862658333333,,,True,False,,,,,,4738411,18.97319820074295,19.33754567562127,10.39785405911744,,,,True,1
2013,6.780656913,5.221889464,4723303,6794442,555426,4989539,16.70746718,50.33728675,,13.59333333,,4.844396365,77.75,78.103235,,,False,False,,,,,,5544965,17.02161336363604,10.7982285618712,-4.592354328423065,,,,False,0
2014,7.34606284,8.564479404,5499692,7945149,666914,5820445,16.09233323,52.14235681,,12.945,,9.365167198,77.9494,77.641408333333,,,False,False,,,,,,6487359,16.99549050354692,16.43741678228139,-0.5913028655816777,,,,True,0
2015,6.40762764,6.678106678,6236339,9106464,732047,6524824,12.41616931,51.96021618,,11.70916667,,8.397907814,78.5003,77.946908333333,,,False,False,,,,,,7256871,11.86171445113489,13.39433190076826,0.3934756034929432,,,,False,0
2016,5.915791502,4.901697945,7424147,10767126,907651,7351656,16.35,44.15,,10.40916667,,8.858521756,78.7022,78.468091666667,,,False,False,,,,,,8259307,13.81361195479429,19.04655920725284,0.6686388780234864,,,,False,0
2017,5.439825343,6.018656557,8539823,12333580,1026326,8130936,10.88,43.72,,9.54,,8.895660553,82.7,80.437541666667,,,False,False,,,,,,9157262,10.87203805355583,15.02766580456987,2.509873705564614,,,,False,0
2018,5.78,7.127360386,10054684,13735931,1135894,8942922,9.24,42.06,,9.650833333,,9.887329666,83.9,83.466201916667,,,False,False,,,,,,10078816,10.06364129365307,17.7387868577604,3.765232237641936,,,,False,0
2019,5.48,5.51,11096503,15345241,1182821,9884459,9.88,41.32,,9.555833333,,8.902133352,84.9,84.4535225,,,False,False,,,,,,11067280,9.807342449748058,10.36152901473582,1.182898659170739,,,,False,0
2020,5.65,5.52,11960782,17046673,1355862,10902870,12.64,43.33,,8.295,,7.737548734,84.8,84.871391666667,,,False,False,,,,,,12258732,10.76553588596294,7.788751104739933,0.4947918740357826,,,,False,0
2021,5.56,5.73,12982053,19292439,1651715,12268208,13.62,44.27,,7.324166667,,7.969079604,85.8,85.08376325,,,False,False,,,,,,13919923,13.55108342363631,8.53849689761088,0.2502275256273556,,,,False,0
2022,6.15,6.05,14804727,20993526,1897350,13242297,9.5,43.1,,7.1,,8.724360401,99.0,91.745454439696,,,False,False,,,,,,15139647,8.762433527829149,14.03995192439902,7.829568104694751,,,,False,0
2023,9.0,8.7,16131991,22761575,1999861,14367391,10.53,42.61,,7.6,,9.569127753,110.0,106.30948429748,,,True,False,,,,,,16367252,8.108544406616613,8.965136608057689,15.87438848794072,,,,True,1
2024,9.73,10.65,17606806,24112580,2115333,15810935,7.79,40.76,,9.9,,18.96078211,120.0,115.60365379665,,,True,True,,,,,,17926268,9.525215350750393,9.142175940961028,8.742559105227743,,,,True,2
2025,10.02517486,10.69513958,18582932,25565302,2154762,17201015,6.95,39.2,,8.623333333,,,122.325,121.92083660503,,,True,False,,,,,,19355777,7.974381505397554,5.544026554276793,5.464518292382103,,,,True,1
